INSERT INTO Category (Name) VALUES (N'Smartphones');
INSERT INTO Category (Name) VALUES (N'Computers');
INSERT INTO Category (Name) VALUES (N'Laptops');
INSERT INTO Category (Name) VALUES (N'Tablets');
INSERT INTO Category (Name) VALUES (N'Televisions');
INSERT INTO Category (Name) VALUES (N'Headphones');
INSERT INTO Category (Name) VALUES (N'Cameras');
INSERT INTO Category (Name) VALUES (N'Wearables');
INSERT INTO Category (Name) VALUES (N'Gaming Consoles');
INSERT INTO Category (Name) VALUES (N'Smart Home Devices');
INSERT INTO Category (Name) VALUES (N'Audio Equipment');
INSERT INTO Category (Name) VALUES (N'Computer Accessories');
INSERT INTO Category (Name) VALUES (N'Networking Equipment');
INSERT INTO Category (Name) VALUES (N'Printers & Scanners');
INSERT INTO Category (Name) VALUES (N'Stores & Media');

INSERT INTO Buyers (Name, Surname, Email, Phone, Password, Address, City) VALUES (N'John', N'Doe', N'john.doe@example.com', N'+1234567890', N'pass123', N'123 Baker St', N'London');
INSERT INTO Buyers (Name, Surname, Email, Phone, Password, Address, City) VALUES (N'Sarah', N'Miller', N'sarah.miller@example.com', N'+9876543210', N'qwerty', N'456 Elm St', N'New York');
INSERT INTO Buyers (Name, Surname, Email, Phone, Password, Address, City) VALUES (N'Mark', N'Taylor', N'mark.taylor@example.com', N'+1122334455', N'123abc', N'789 Pine Rd', N'Toronto');
INSERT INTO Buyers (Name, Surname, Email, Phone, Password, Address, City) VALUES (N'Emily', N'Stone', N'emily.stone@example.com', N'+1010101010', N'xyz789', N'321 Oak St', N'Sydney');
INSERT INTO Buyers (Name, Surname, Email, Phone, Password, Address, City) VALUES (N'David', N'Lee', N'david.lee@example.com', N'+9988776655', N'abc321', N'654 Cedar St', N'Dubai');
INSERT INTO Buyers (Name, Surname, Email, Phone, Password, Address, City) VALUES (N'Laura', N'King', N'laura.king@example.com', N'+5647382910', N'mypass', N'987 Maple St', N'Paris');
INSERT INTO Buyers (Name, Surname, Email, Phone, Password, Address, City) VALUES (N'James', N'Brown', N'james.brown@example.com', N'+7788996655', N'letmein', N'159 Spruce St', N'Munich');
INSERT INTO Buyers (Name, Surname, Email, Phone, Password, Address, City) VALUES (N'Linda', N'White', N'linda.white@example.com', N'+4433221100', N'password', N'753 Willow St', N'Rome');
INSERT INTO Buyers (Name, Surname, Email, Phone, Password, Address, City) VALUES (N'Robert', N'Green', N'robert.green@example.com', N'+3344556677', N'q1w2e3', N'852 Birch St', N'Chicago');
INSERT INTO Buyers (Name, Surname, Email, Phone, Password, Address, City) VALUES (N'Patricia', N'Black', N'patricia.black@example.com', N'+9900887766', N'pass1234', N'951 Aspen St', N'Madrid');
INSERT INTO Buyers (Name, Surname, Email, Phone, Password, Address, City) VALUES (N'Michael', N'Wilson', N'michael.wilson@example.com', N'+6677889900', N'1234pass', N'357 Fir St', N'Berlin');
INSERT INTO Buyers (Name, Surname, Email, Phone, Password, Address, City) VALUES (N'Barbara', N'Harris', N'barbara.harris@example.com', N'+5566778899', N'admin123', N'246 Redwood St', N'Lisbon');
INSERT INTO Buyers (Name, Surname, Email, Phone, Password, Address, City) VALUES (N'Charles', N'Clark', N'charles.clark@example.com', N'+4455667788', N'abc123', N'468 Palm St', N'Amsterdam');
INSERT INTO Buyers (Name, Surname, Email, Phone, Password, Address, City) VALUES (N'Susan', N'Lewis', N'susan.lewis@example.com', N'+1122446688', N'password1', N'369 Pineapple St', N'Vienna');
INSERT INTO Buyers (Name, Surname, Email, Phone, Password, Address, City) VALUES (N'Steven', N'Walker', N'steven.walker@example.com', N'+9988554433', N'qwerty12', N'147 Coconut St', N'Brussels');

INSERT INTO Products (Name, Price, Quantity, CategoryId) VALUES (N'iPhone 13', 799.99, 50, 1);
INSERT INTO Products (Name, Price, Quantity, CategoryId) VALUES (N'MacBook Pro', 1299.99, 30, 3);
INSERT INTO Products (Name, Price, Quantity, CategoryId) VALUES (N'Samsung Galaxy S22', 699.99, 40, 1);
INSERT INTO Products (Name, Price, Quantity, CategoryId) VALUES (N'HP Spectre x360', 1099.99, 25, 3);
INSERT INTO Products (Name, Price, Quantity, CategoryId) VALUES (N'Apple Watch', 399.99, 60, 8);
INSERT INTO Products (Name, Price, Quantity, CategoryId) VALUES (N'Sony WH-1000XM4', 299.99, 70, 6);
INSERT INTO Products (Name, Price, Quantity, CategoryId) VALUES (N'Canon EOS R5', 3899.99, 15, 7);
INSERT INTO Products (Name, Price, Quantity, CategoryId) VALUES (N'Google Nest Hub', 129.99, 80, 10);
INSERT INTO Products (Name, Price, Quantity, CategoryId) VALUES (N'Xbox Series X', 499.99, 20, 9);
INSERT INTO Products (Name, Price, Quantity, CategoryId) VALUES (N'Sony Bravia 55"', 999.99, 10, 5);
INSERT INTO Products (Name, Price, Quantity, CategoryId) VALUES (N'Logitech MX Master 3', 99.99, 100, 12);
INSERT INTO Products (Name, Price, Quantity, CategoryId) VALUES (N'Netgear Nighthawk', 199.99, 35, 13);
INSERT INTO Products (Name, Price, Quantity, CategoryId) VALUES (N'Canon Pixma Printer', 149.99, 40, 14);
INSERT INTO Products (Name, Price, Quantity, CategoryId) VALUES (N'Bose SoundLink Speaker', 229.99, 45, 11);
INSERT INTO Products (Name, Price, Quantity, CategoryId) VALUES (N'Apple iPad', 499.99, 30, 4);

INSERT INTO [Order] (BuyerId, Date, Status) VALUES (1, N'2025-07-01 10:00:00', N'Pending');
INSERT INTO [Order] (BuyerId, Date, Status) VALUES (2, N'2025-06-15 12:30:00', N'Shipped');
INSERT INTO [Order] (BuyerId, Date, Status) VALUES (3, N'2025-05-20 09:45:00', N'Delivered');
INSERT INTO [Order] (BuyerId, Date, Status) VALUES (4, N'2025-07-05 14:00:00', N'Pending');
INSERT INTO [Order] (BuyerId, Date, Status) VALUES (5, N'2025-06-25 16:15:00', N'Cancelled');
INSERT INTO [Order] (BuyerId, Date, Status) VALUES (6, N'2025-07-02 11:00:00', N'Shipped');
INSERT INTO [Order] (BuyerId, Date, Status) VALUES (7, N'2025-06-10 08:30:00', N'Delivered');
INSERT INTO [Order] (BuyerId, Date, Status) VALUES (8, N'2025-07-03 13:45:00', N'Pending');
INSERT INTO [Order] (BuyerId, Date, Status) VALUES (9, N'2025-06-18 15:20:00', N'Shipped');
INSERT INTO [Order] (BuyerId, Date, Status) VALUES (10, N'2025-07-04 10:10:00', N'Pending');
INSERT INTO [Order] (BuyerId, Date, Status) VALUES (11, N'2025-06-22 09:55:00', N'Delivered');
INSERT INTO [Order] (BuyerId, Date, Status) VALUES (12, N'2025-07-06 14:30:00', N'Cancelled');
INSERT INTO [Order] (BuyerId, Date, Status) VALUES (13, N'2025-06-12 17:40:00', N'Pending');
INSERT INTO [Order] (BuyerId, Date, Status) VALUES (14, N'2025-07-07 19:00:00', N'Shipped');
INSERT INTO [Order] (BuyerId, Date, Status) VALUES (15, N'2025-06-30 20:15:00', N'Delivered');

INSERT INTO OrderDetails (OrderId, ProductId, Quantity, Price) VALUES (1, 1, 1, 799.99);
INSERT INTO OrderDetails (OrderId, ProductId, Quantity, Price) VALUES (2, 3, 2, 1399.98);
INSERT INTO OrderDetails (OrderId, ProductId, Quantity, Price) VALUES (3, 2, 1, 1299.99);
INSERT INTO OrderDetails (OrderId, ProductId, Quantity, Price) VALUES (4, 6, 1, 299.99);
INSERT INTO OrderDetails (OrderId, ProductId, Quantity, Price) VALUES (5, 7, 1, 3899.99);
INSERT INTO OrderDetails (OrderId, ProductId, Quantity, Price) VALUES (6, 10, 2, 1999.98);
INSERT INTO OrderDetails (OrderId, ProductId, Quantity, Price) VALUES (7, 5, 3, 1199.97);
INSERT INTO OrderDetails (OrderId, ProductId, Quantity, Price) VALUES (8, 9, 1, 499.99);
INSERT INTO OrderDetails (OrderId, ProductId, Quantity, Price) VALUES (9, 11, 4, 399.96);
INSERT INTO OrderDetails (OrderId, ProductId, Quantity, Price) VALUES (10, 4, 1, 1099.99);
INSERT INTO OrderDetails (OrderId, ProductId, Quantity, Price) VALUES (11, 14, 2, 459.98);
INSERT INTO OrderDetails (OrderId, ProductId, Quantity, Price) VALUES (12, 12, 1, 199.99);
INSERT INTO OrderDetails (OrderId, ProductId, Quantity, Price) VALUES (13, 15, 3, 1499.97);
INSERT INTO OrderDetails (OrderId, ProductId, Quantity, Price) VALUES (14, 8, 2, 259.98);
INSERT INTO OrderDetails (OrderId, ProductId, Quantity, Price) VALUES (15, 13, 1, 149.99);

INSERT INTO Payments (OrderId, Sum, PayMethod, Status) VALUES (1, 799.99, N'Card', N'Paid');
INSERT INTO Payments (OrderId, Sum, PayMethod, Status) VALUES (2, 1399.98, N'PayPal', N'Paid');
INSERT INTO Payments (OrderId, Sum, PayMethod, Status) VALUES (3, 1299.99, N'Card', N'Paid');
INSERT INTO Payments (OrderId, Sum, PayMethod, Status) VALUES (4, 299.99, N'Cash', N'Unpaid');
INSERT INTO Payments (OrderId, Sum, PayMethod, Status) VALUES (5, 3899.99, N'Card', N'Paid');
INSERT INTO Payments (OrderId, Sum, PayMethod, Status) VALUES (6, 1999.98, N'PayPal', N'Paid');
INSERT INTO Payments (OrderId, Sum, PayMethod, Status) VALUES (7, 1199.97, N'Card', N'Paid');
INSERT INTO Payments (OrderId, Sum, PayMethod, Status) VALUES (8, 499.99, N'Cash', N'Unpaid');
INSERT INTO Payments (OrderId, Sum, PayMethod, Status) VALUES (9, 399.96, N'PayPal', N'Paid');
INSERT INTO Payments (OrderId, Sum, PayMethod, Status) VALUES (10, 1099.99, N'Card', N'Paid');
INSERT INTO Payments (OrderId, Sum, PayMethod, Status) VALUES (11, 459.98, N'Cash', N'Unpaid');
INSERT INTO Payments (OrderId, Sum, PayMethod, Status) VALUES (12, 199.99, N'Card', N'Paid');
INSERT INTO Payments (OrderId, Sum, PayMethod, Status) VALUES (13, 1499.97, N'PayPal', N'Paid');
INSERT INTO Payments (OrderId, Sum, PayMethod, Status) VALUES (14, 259.98, N'Cash', N'Unpaid');
INSERT INTO Payments (OrderId, Sum, PayMethod, Status) VALUES (15, 149.99, N'Card', N'Paid');

INSERT INTO Shipping (OrderId, Address, Delivery, SendDate, DateReceived, TrackNum) VALUES (1, N'123 Baker St, London', N'Courier', N'2025-07-02 09:00:00', N'2025-07-05 17:00:00', N'TRK123456');
INSERT INTO Shipping (OrderId, Address, Delivery, SendDate, DateReceived, TrackNum) VALUES (2, N'456 Elm St, New York', N'Mail', N'2025-06-16 11:30:00', N'2025-06-20 15:30:00', N'TRK234567');
INSERT INTO Shipping (OrderId, Address, Delivery, SendDate, DateReceived, TrackNum) VALUES (3, N'789 Pine Rd, Toronto', N'Express', N'2025-05-21 08:45:00', N'2025-05-22 12:00:00', N'TRK345678');
INSERT INTO Shipping (OrderId, Address, Delivery, SendDate, DateReceived, TrackNum) VALUES (4, N'321 Oak St, Sydney', N'Courier', N'2025-07-06 13:00:00', N'2025-07-10 16:00:00', N'TRK456789');
INSERT INTO Shipping (OrderId, Address, Delivery, SendDate, DateReceived, TrackNum) VALUES (5, N'654 Cedar St, Dubai', N'Mail', N'2025-06-26 15:15:00', N'2025-06-29 14:00:00', N'TRK567890');
INSERT INTO Shipping (OrderId, Address, Delivery, SendDate, DateReceived, TrackNum) VALUES (6, N'987 Maple St, Paris', N'Express', N'2025-07-03 10:00:00', N'2025-07-04 13:00:00', N'TRK678901');
INSERT INTO Shipping (OrderId, Address, Delivery, SendDate, DateReceived, TrackNum) VALUES (7, N'159 Spruce St, Munich', N'Courier', N'2025-06-11 07:30:00', N'2025-06-14 18:00:00', N'TRK789012');
INSERT INTO Shipping (OrderId, Address, Delivery, SendDate, DateReceived, TrackNum) VALUES (8, N'753 Willow St, Rome', N'Mail', N'2025-07-04 12:45:00', N'2025-07-07 11:00:00', N'TRK890123');
INSERT INTO Shipping (OrderId, Address, Delivery, SendDate, DateReceived, TrackNum) VALUES (9, N'852 Birch St, Chicago', N'Express', N'2025-06-19 14:20:00', N'2025-06-21 10:30:00', N'TRK901234');
INSERT INTO Shipping (OrderId, Address, Delivery, SendDate, DateReceived, TrackNum) VALUES (10, N'951 Aspen St, Madrid', N'Courier', N'2025-07-05 10:10:00', N'2025-07-08 09:00:00', N'TRK012345');
INSERT INTO Shipping (OrderId, Address, Delivery, SendDate, DateReceived, TrackNum) VALUES (11, N'357 Fir St, Berlin', N'Mail', N'2025-06-23 09:55:00', N'2025-06-25 15:45:00', N'TRK123789');
INSERT INTO Shipping (OrderId, Address, Delivery, SendDate, DateReceived, TrackNum) VALUES (12, N'246 Redwood St, Lisbon', N'Express', N'2025-07-07 14:30:00', N'2025-07-09 17:30:00', N'TRK234890');
INSERT INTO Shipping (OrderId, Address, Delivery, SendDate, DateReceived, TrackNum) VALUES (13, N'468 Palm St, Amsterdam', N'Courier', N'2025-06-13 17:40:00', N'2025-06-16 14:00:00', N'TRK345901');
INSERT INTO Shipping (OrderId, Address, Delivery, SendDate, DateReceived, TrackNum) VALUES (14, N'369 Pineapple St, Vienna', N'Mail', N'2025-07-08 19:00:00', N'2025-07-11 12:00:00', N'TRK456012');
INSERT INTO Shipping (OrderId, Address, Delivery, SendDate, DateReceived, TrackNum) VALUES (15, N'147 Coconut St, Brussels', N'Express', N'2025-07-01 20:15:00', N'2025-07-03 18:30:00', N'TRK567123');

INSERT INTO Admins (Name, Role, Email) VALUES (N'Anna', N'Manager', N'anna.manager@example.com');
INSERT INTO Admins (Name, Role, Email) VALUES (N'Brian', N'Support', N'brian.support@example.com');
INSERT INTO Admins (Name, Role, Email) VALUES (N'Clara', N'Tech Lead', N'clara.techlead@example.com');
INSERT INTO Admins (Name, Role, Email) VALUES (N'Daniel', N'Marketing', N'daniel.marketing@example.com');
INSERT INTO Admins (Name, Role, Email) VALUES (N'Emma', N'HR', N'emma.hr@example.com');
INSERT INTO Admins (Name, Role, Email) VALUES (N'Frank', N'Sales', N'frank.sales@example.com');
INSERT INTO Admins (Name, Role, Email) VALUES (N'Grace', N'Finance', N'grace.finance@example.com');
INSERT INTO Admins (Name, Role, Email) VALUES (N'Henry', N'Warehouse', N'henry.warehouse@example.com');
INSERT INTO Admins (Name, Role, Email) VALUES (N'Ivy', N'Customer Service', N'ivy.cs@example.com');
INSERT INTO Admins (Name, Role, Email) VALUES (N'Jack', N'Security', N'jack.security@example.com');
INSERT INTO Admins (Name, Role, Email) VALUES (N'Karen', N'Logistics', N'karen.logistics@example.com');
INSERT INTO Admins (Name, Role, Email) VALUES (N'Leo', N'Technician', N'leo.tech@example.com');
INSERT INTO Admins (Name, Role, Email) VALUES (N'Mia', N'Content', N'mia.content@example.com');
INSERT INTO Admins (Name, Role, Email) VALUES (N'Nick', N'Legal', N'nick.legal@example.com');
INSERT INTO Admins (Name, Role, Email) VALUES (N'Olivia', N'PR', N'olivia.pr@example.com');